Time,ForceX,ForceY,ForceZ,TorqueX,TorqueY,TorqueZ
1615136813.956223964,-1.10998,-4.51228,16.2907,1.22596,0.64346,0.720848
1615136813.958173990,-1.1951,-4.40915,16.125,0.658955,0.469068,0.807777
1615136813.960632085,-1.38204,-4.53089,15.6422,1.05212,-0.0112533,0.676769
1615136814.3930091,-1.22582,-4.81093,15.4088,0.84097,0.117523,0.465355
1615136814.4693031,-1.58183,-4.50447,15.1983,0.711835,0.0293507,-0.100916
1615136814.5410909,-1.21758,-4.95231,15.6467,0.581403,0.203554,0.772936
1615136814.47967910,-0.671456,-5.29061,15.5878,-0.768833,0.332884,0.337162
1615136814.48888921,-0.794874,-5.35458,15.8373,-0.813037,0.507858,0.729223
1615136814.49949884,-1.24548,-4.75673,15.0279,-0.507849,-0.0157715,0.336056
1615136814.89359045,-1.09894,-5.21783,15.4046,0.146594,0.377066,0.641362
1615136814.92528104,-1.40498,-5.47639,14.7999,0.234084,-0.496332,0.641607
1615136814.132349967,-1.07778,-5.9083,15.623,0.148319,0.0691212,1.03917
1615136814.133699893,-1.02,-4.85556,15.213,0.629142,-0.542606,-0.00682805
1615136814.134577035,-0.416121,-5.54568,15.3214,0.149543,-0.325089,0.343211
1615136814.176142930,-0.854795,-5.02468,14.8437,0.194989,-0.504108,0.30753
1615136814.177275896,-0.571939,-4.5734,15.6951,-0.15398,0.106668,0.264215
1615136814.178563117,-1.03149,-5.59267,15.2807,0.500788,-0.0682817,0.832094
1615136814.224765062,-1.07171,-5.71714,14.8997,0.807223,-0.115182,0.74523
1615136814.228190898,-1.00794,-5.36847,15.1313,0.632989,-0.0281432,0.352311
1615136814.231216907,-0.68508,-6.15678,15.2264,0.240312,0.0152361,0.919468
1615136814.272013902,-0.359464,-5.93695,15.7529,0.458017,0.314283,-0.0374362
1615136814.272813081,-0.780197,-6.09119,15.0523,0.58924,-0.602677,-0.12457
1615136814.273438930,-0.710139,-5.55293,15.2932,0.371295,-0.472209,-0.517424
1615136814.319850921,-0.708486,-5.34024,15.4374,-0.283355,-0.385241,-0.299523
1615136814.320566892,-0.738446,-5.75875,15.2278,-0.108865,-0.385637,0.00599804
1615136814.363897085,-0.81583,-4.89501,16.2712,0.108636,0.181009,-0.736844
1615136814.364480972,-1.0094,-4.27712,16.2837,0.19602,0.0502713,-1.34793
1615136814.364893913,-0.99696,-5.04934,16.4842,0.23963,0.137648,-0.780687
1615136814.407880067,-1.27446,-5.00461,16.1562,-0.676477,-0.256666,-0.608476
1615136814.408615112,-1.51331,-5.0182,15.9781,-0.589483,-0.475159,-0.39044
1615136814.409188985,-1.66708,-5.21504,16.1577,0.0650718,-0.213565,-0.43395
1615136814.452094078,-1.65191,-4.23597,16.2007,0.0650625,0.00412646,-0.565314
1615136814.453170061,-1.50338,-4.05528,16.7373,0.41422,0.484503,-0.696409
1615136814.454020977,-1.69773,-4.27236,15.9979,0.195955,-0.126417,-0.566103
1615136814.456211090,-1.33938,-4.71339,16.4109,0.850574,0.353841,-0.610283
1615136814.457390069,-1.63434,-4.50901,15.8526,0.370476,-0.0824788,-0.567699
1615136814.502120971,-2.18079,-4.68622,15.4203,-0.198116,0.0491648,-0.179421
1615136814.504069089,-2.19374,-4.05843,15.1082,-0.809241,-0.169035,-0.572419
1615136814.505376100,-1.90942,-4.39769,15.79,-0.285699,0.354781,-0.0918814
1615136814.544279098,-2.28027,-4.53984,16.0162,0.722153,0.488718,-0.218907
1615136814.545512914,-2.71512,-4.71192,15.2712,0.373002,-0.0349598,0.085795
1615136814.546798944,-2.6229,-4.95774,15.7436,0.373162,0.357862,0.216821
1615136814.588499069,-3.02326,-4.45683,15.066,0.286996,0.403332,0.0425293
1615136814.590655088,-2.6939,-5.42078,15.9731,0.418223,1.18931,0.78544
1615136814.592071056,-3.10177,-4.78774,14.9882,-0.192375,0.229255,0.69903
1615136814.593461990,-2.93935,-4.31377,15.5778,0.724498,0.709549,0.00168088
1615136814.594815969,-2.90003,-4.9547,15.6511,0.463684,0.668335,0.65471
1615136814.596093893,-2.8811,-4.70216,16.0451,0.551005,0.930778,0.523254
1615136814.597188949,-3.08599,-4.28997,15.4777,0.0272939,0.494753,0.566346
1615136814.632497072,-2.93566,-4.34933,15.8316,0.55101,0.931705,0.391583
1615136814.634320020,-3.05135,-3.8451,15.266,0.551273,0.32105,-0.306832
1615136814.676388025,-2.99055,-3.63148,15.8009,0.553297,0.277636,0.00134452
1615136814.679141998,-2.98096,-4.44476,15.4531,0.335488,0.102705,0.744265
1615136814.680371999,-2.37817,-4.58239,16.1863,1.16539,0.801076,0.0474304
1615136814.720233917,-2.60383,-4.41293,16.2027,-0.621771,0.234263,0.400158
1615136814.722222089,-2.50768,-4.39887,15.8378,-0.403764,0.0160868,0.225385
1615136814.724035978,-2.44241,-4.97755,15.8564,0.556255,-0.158735,0.399726
1615136814.764400005,-2.68135,-4.72343,16.6285,0.468925,-0.289684,0.352313
1615136814.765902996,-2.27519,-4.46117,17.4456,0.381735,0.452384,0.0900891
1615136814.767088890,-2.93851,-4.81893,16.4151,0.556453,-0.551721,-0.0846977
1615136814.808574914,-2.70831,-5.6095,16.9237,-0.0994268,-0.420472,0.745963
1615136814.811120986,-2.4227,-4.76518,17.2264,-0.928428,0.103083,0.135661
1615136814.812536954,-2.44786,-5.24128,17.0587,-0.186455,-0.202782,0.223974
1615136814.852253913,-1.74424,-6.47618,17.8072,0.555389,0.102151,0.311976
1615136814.853768110,-1.26702,-5.32763,18.3324,-0.754044,0.451795,-0.169231
1615136814.855470895,-1.68271,-5.35417,18.1011,-1.1038,0.0593023,0.266165
1615136814.896262884,-1.6204,-5.91414,17.6405,-0.759215,0.105256,0.702062
1615136814.897743940,-2.11381,-6.21072,17.3854,-0.279007,-0.113395,0.877821
1615136814.899152994,-2.28817,-5.28459,16.8714,-0.671433,-0.463018,0.0933811
1615136814.940171003,-1.35113,-5.74713,17.4266,-0.847478,0.149815,-0.431316
1615136814.941657066,-1.2758,-5.31778,17.6155,-0.804389,-0.111816,-0.475933
1615136814.942912101,-1.32699,-4.8179,17.2676,-2.02717,-0.329881,-0.171785
1615136814.984410047,-1.11597,-5.20682,17.6551,-1.72328,0.0630918,0.440705
1615136814.985578060,-1.43487,-5.11654,17.1686,0.109845,-0.111771,-0.299678
1615136814.986531972,-1.48662,-4.82937,16.9908,0.241146,-0.0683152,-0.77896
1615136815.28204917,-1.24254,-5.18408,16.815,-1.33278,-0.374231,0.264287
1615136815.29565095,-1.21627,-4.68175,16.591,-1.37716,-0.330494,-0.43527
1615136815.30915975,-1.22601,-5.53675,17.087,-0.856206,0.149356,0.480263
1615136815.72371006,-1.13852,-5.409,17.1629,1.10751,0.236696,0.393427
1615136815.74693918,-1.12212,-4.1777,17.4111,0.584598,0.455037,-0.609395
1615136815.76332092,-1.12487,-4.66535,17.6695,-0.200682,0.498849,0.0896361
1615136815.116462945,-0.699065,-4.2256,17.0394,-0.375742,0.325748,-0.0390833
1615136815.119395017,-0.565689,-4.66375,16.7652,-0.506938,0.0639488,0.30972
1615136815.121577024,-0.311514,-4.53174,17.4415,0.322165,0.631666,-0.0832267
1615136815.164149999,-0.653822,-3.99853,16.8579,0.714483,-0.0211258,-0.35077
1615136815.165539979,-0.92307,-3.69193,16.5832,0.802,-0.283253,-0.613285
1615136815.166687011,-0.54692,-3.5926,17.3561,0.540219,0.458815,-0.526464
1615136815.211934089,-0.190464,-4.21329,16.915,0.544763,0.635176,0.0879909
1615136815.212553977,0.247027,-3.54209,17.258,0.981739,1.1595,-0.434827
1615136815.212989091,0.523874,-3.55161,17.2928,1.06954,1.33492,-0.477853
1615136815.259871006,-0.247924,-4.9568,16.3897,0.896709,0.335,0.175595
1615136815.260493993,-0.220706,-4.35271,17.0104,0.765899,0.684702,-0.305383
1615136815.260999917,-0.203389,-4.15582,16.8608,0.285678,0.510714,-0.088462
1615136815.303898096,-0.670907,-3.96337,16.3778,0.939926,0.0326197,-0.791046
1615136815.304546117,-0.714399,-4.40714,16.0165,0.896562,-0.360632,-0.136429
1615136815.305140972,-0.0451156,-4.90139,17.0382,1.11518,0.730561,-0.0925174
1615136815.305823087,-0.383918,-4.65231,16.8778,0.72281,0.381559,0.038629
1615136815.306291103,-0.521175,-4.79845,16.4143,0.288856,0.0755445,-0.480465
1615136815.306700944,-0.428015,-4.13251,16.8971,0.0708842,0.337493,-0.523576
1615136815.307100057,-0.63151,-3.9964,16.7942,-0.147212,0.337686,-0.479523
1615136815.352109909,-0.967357,-5.12938,16.3405,0.551175,-0.317405,0.132008
1615136815.352776050,-1.20541,-4.67589,15.9039,0.682507,-0.754563,-0.347773
1615136815.353204011,-0.64949,-4.51935,17.067,0.508134,0.249143,-0.391568
1615136815.353602886,-0.328271,-5.12299,17.9272,1.11924,0.816954,-0.17364
1615136815.354034900,-0.913256,-4.84025,17.2367,0.159206,0.0758506,-0.351379
1615136815.354620933,-0.861416,-4.98618,17.3362,0.333632,0.119639,-0.221228
1615136815.355236053,-0.81601,-4.07644,17.512,-0.408457,0.20736,-0.614982
1615136815.399924039,-1.09102,-4.83566,17.4756,0.0713386,-0.0544836,-0.179016
1615136815.400599002,-0.898938,-4.56661,17.3998,0.158717,0.0328815,-0.790153
1615136815.447833061,-0.485166,-4.28684,17.3344,-0.67228,0.120742,-0.438197
1615136815.448342084,-0.602391,-5.03964,17.3711,-0.235991,0.12067,0.0422928
1615136815.448740959,-0.956308,-4.53906,17.0304,-0.366974,-0.0103399,0.086012
1615136815.491816997,-0.918963,-5.5505,17.7795,0.372916,0.296863,0.909759
1615136815.492350101,-1.08442,-5.4192,17.4639,0.416783,-0.00880636,0.4733
1615136815.492774963,-0.609099,-5.18584,17.2077,-0.586896,-0.00883511,-0.00695547
1615136815.535806894,-0.723635,-5.12542,17.5116,-0.848433,0.251348,0.480019
1615136815.536302089,-0.902606,-4.98715,17.1717,-0.324801,0.0767083,0.262255
1615136815.536705017,-1.0491,-4.86219,16.7186,-0.762982,-0.0102191,0.524122
1615136815.579771995,-1.3112,-4.5453,17.0902,0.151875,-0.00979035,0.258279
1615136815.580275058,-0.724026,-4.55893,17.9849,-0.284815,0.732726,0.126314
1615136815.580645084,-0.614827,-4.03047,17.9014,-0.503372,0.42796,-0.52944
1615136815.588080883,-0.524459,-4.86944,17.9416,-0.111084,0.515711,0.211613
1615136815.588644027,-1.18641,-5.51644,17.1525,0.456157,-0.18287,0.865977
1615136815.631932020,-1.3633,-4.97914,17.2078,-0.809716,-0.0950456,0.297932
1615136815.632555007,-1.39732,-4.66537,17.6706,0.0629617,0.341597,-0.22592
1615136815.633027076,-1.70783,-5.22637,17.5475,0.412022,0.254356,0.384838
1615136815.675985097,-1.79865,-5.15357,17.0327,1.1966,-0.00479647,-0.227074
1615136815.676647901,-1.80806,-5.24048,17.2114,0.673243,-0.092388,0.078338
1615136815.677165031,-1.3322,-5.06983,18.0492,-0.330469,0.518812,0.296355
1615136815.719909906,-1.14263,-4.89334,17.9824,-0.68024,0.344029,-0.0987469
1615136815.720654964,-1.49169,-4.7824,17.4699,-0.506018,-0.0923149,-0.0992443
1615136815.721184968,-1.6857,-3.95424,17.2689,0.104866,-0.135877,-0.972552
1615136815.763983011,-1.84638,-5.65692,17.3232,0.41065,-0.617838,0.247499
1615136815.764591932,-1.69832,-5.78359,17.592,0.279905,-0.400282,0.378478
1615136815.765100002,-1.55617,-5.02127,17.4321,-0.0254092,-0.487996,-0.319919
1615136815.807954072,-1.00841,-4.52762,17.5295,-0.683418,-0.0945908,-0.496988
1615136815.808556079,-1.32022,-5.24004,16.9145,-0.3346,-0.618789,0.0700935
1615136815.808950901,-1.1308,-5.18758,17.3968,0.10177,-0.182687,-0.104592
1615136815.852061033,-1.17244,-5.66093,17.4087,-0.467091,-0.623538,-0.325496
1615136815.852785110,-0.764549,-5.14942,18.0054,-1.38402,-0.0124673,-0.413459
1615136815.853455066,-0.828195,-5.42235,17.5776,-0.991816,-0.449077,-0.239295
1615136815.895945072,-0.510955,-5.58584,17.4805,-0.0150088,-0.447647,0.330227
1615136815.896787881,-0.60709,-4.89347,17.175,-0.538695,-0.535285,-0.149782
1615136815.897449016,-0.657595,-5.29516,17.3861,0.290541,-0.273887,-0.0182429
1615136815.912053108,-0.427154,-4.9695,17.4544,0.168971,-0.360098,0.577577
1615136815.913005113,-0.295982,-5.75,17.8887,0.169181,0.0760114,1.10222
1615136815.956444025,0.864171,-4.5676,18.8699,0.221348,0.604154,2.5381
1615136815.959033012,0.82435,-5.33608,18.3783,1.13779,0.124007,2.62547
1615136815.960851907,1.88703,-4.63799,18.8478,0.857754,0.0296085,3.49803
1615136815.999933958,3.21038,-3.85188,20.1847,2.09595,0.418504,5.01643
1615136816.821113,3.3113,-4.43083,20.7679,2.44606,0.898496,5.01718
1615136816.1607894,3.4986,-4.46106,20.3971,1.35566,0.593551,5.192
1615136816.44059991,5.79885,-2.3434,21.8936,2.08221,-0.00642877,5.33269
1615136816.45244932,5.77453,-2.77002,21.9828,1.95144,0.430475,5.5938
1615136816.46129941,5.89248,-2.30141,22.282,1.60274,0.867938,5.24399
1615136816.52140951,6.06079,-1.87789,22.8546,1.69062,1.13101,5.11268
1615136816.53210020,5.94711,-2.22132,22.4008,2.6513,0.520247,4.93835
1615136816.96404075,8.47439,-1.92422,23.3877,2.0553,-0.542798,4.21363
1615136816.98524093,8.70496,-2.94721,23.8738,2.62263,0.111888,4.47467
1615136816.100759983,10.4313,-3.15656,25.8265,2.15513,0.495951,3.92768
1615136816.144177913,13.3755,-2.06654,26.5384,1.1394,-0.613146,0.400649
1615136816.145550966,13.8366,-3.04888,27.5689,0.877012,0.435594,1.14128
1615136816.146692037,13.097,-2.18866,26.2364,1.74269,-0.52097,0.661288
1615136816.188209056,16.5725,-3.07724,27.3019,1.22307,-1.4963,-1.80956
1615136816.189517021,16.5487,-2.72041,27.2365,-0.130471,-1.27733,-1.5915
1615136816.190566062,16.7685,-3.45826,27.4305,-0.131349,-0.796245,-1.80971
1615136816.192293882,16.5777,-3.14522,27.0891,0.12944,-1.27551,-2.20253
1615136816.193758964,16.778,-3.05187,26.9904,0.128218,-1.14386,-2.37756
1615136816.236238002,20.3802,-4.00444,27.9197,-1.29222,-1.84591,-3.63206
1615136816.238739967,20.8275,-4.29808,28.6524,-0.115625,-1.23438,-4.41799
1615136816.240344047,22.7312,-4.77656,29.1376,-0.296011,-1.50086,-5.00498
1615136816.280020952,26.4376,-6.792,29.7274,-0.841441,-1.12135,-5.62324
1615136816.281117916,26.4839,-5.87626,30.0724,-2.02205,-0.858499,-5.7121
1615136816.282170057,26.0833,-5.73456,29.6488,-2.46123,-1.11917,-5.53878
1615136816.329195022,30.0445,-6.45372,29.8281,-0.35645,-0.766385,-6.77746
1615136816.333147048,30.1093,-6.50864,29.936,-0.926449,-0.8963,-6.69284
1615136816.336747884,29.2996,-5.46402,29.6884,-1.45296,-1.02618,-7.43732
1615136816.377163887,33.3549,-6.72763,29.1048,-0.0358221,0.156317,-7.9567
1615136816.379137992,33.298,-6.92301,29.1997,0.0486366,0.507743,-8.26644
1615136816.380831956,35.402,-6.87216,29.3165,-1.3382,0.777968,-8.37186
1615136816.420003890,36.9612,-6.91428,27.3509,-1.10914,1.43729,-7.65073
1615136816.420938014,36.8735,-5.99959,27.8314,-1.06832,1.79056,-7.74314
1615136816.421663999,37.3623,-6.50466,28.2743,-0.938521,2.05839,-7.31149
1615136816.464483976,36.6175,-5.97531,24.9393,-0.408941,2.55283,-4.50213
1615136816.467101097,36.7518,-6.13258,24.9378,0.0260649,2.60136,-4.63685
1615136816.469157934,37.0501,-5.89771,25.3023,-0.935692,3.21778,-3.59311
1615136816.508599996,37.6232,-5.99462,22.8629,0.332128,3.89503,-1.53921
1615136816.510576009,37.6012,-5.3336,22.5359,-0.148208,4.03172,-1.45273
1615136816.512013912,37.0213,-3.82793,22.1215,-1.72027,3.64427,-0.930256
1615136816.516710042,36.1914,-5.19973,21.8409,-0.673926,3.73674,0.072808
1615136816.518199920,35.524,-5.52195,21.4598,0.547688,3.56709,0.0283702
1615136816.560029983,38.7191,-4.05597,19.6984,-0.164379,4.61534,1.8696
1615136816.560894966,38.268,-4.62115,19.3599,0.0536142,4.44562,2.74291
1615136816.561667919,37.7177,-4.92715,18.6736,-0.121038,4.14445,3.35471
1615136816.604674100,40.8409,-4.76135,17.7573,-0.0122843,4.31873,3.96245
1615136816.606863021,40.6273,-5.11635,17.3317,0.511733,4.23505,4.35729
1615136816.613667011,39.7753,-4.93621,16.876,0.250287,3.97639,4.62122
1615136816.648164033,40.8757,-5.62622,14.634,-0.670297,3.79124,4.7211
1615136816.649605035,40.499,-4.26661,15.2932,-1.10693,4.49366,4.06802
1615136816.650685071,40.0431,-4.64546,14.7843,-1.41295,3.92997,4.24407
1615136816.692289113,41.9618,-5.17777,12.7019,-0.019078,3.61056,3.51287
1615136816.693734884,41.7876,-4.37935,12.606,-1.28484,3.48319,2.7283
1615136816.695168018,41.3628,-4.65059,11.5936,-1.11065,2.65672,2.29311
1615136816.736207962,43.5642,-4.79505,11.0234,-1.50774,3.64672,1.37883
1615136816.737678050,43.4138,-4.65874,10.6479,-0.941106,3.56433,0.811658
1615136816.739577054,45.1723,-5.58207,10.4807,-0.811042,4.26844,1.2916
1615136816.780335903,46.5617,-6.27601,8.10344,-0.161763,3.16954,-0.240562
1615136816.782285928,46.5029,-5.48014,8.48243,-0.686097,3.39357,-0.983737
1615136816.783411026,45.9431,-5.44427,8.12713,-1.38557,3.09437,-1.11634
1615136816.824132919,48.1285,-3.76035,6.35071,-0.704555,3.36499,-2.87342
1615136816.825743913,47.9399,-4.46667,6.62541,-0.531087,3.80895,-2.43888
1615136816.826714038,47.7464,-4.48383,6.25843,-0.881261,3.64194,-2.52794
1615136816.872226953,49.5733,-4.49729,5.0678,-1.58834,3.9159,-2.93353
1615136816.873924016,48.9404,-4.73288,4.91359,-1.80825,3.66251,-2.97922
1615136816.875358104,48.813,-4.15231,5.00885,-1.89724,3.84617,-3.59232
1615136816.920202016,52.0576,-4.5795,2.5081,-0.556984,3.64899,-3.04513
1615136816.921715974,51.9884,-4.58302,2.43231,-0.16551,3.74558,-3.00503
1615136816.923073053,51.9635,-4.67452,2.32015,-0.821561,3.80224,-2.83414
1615136816.964236021,53.3178,-5.14008,0.037342,-0.746017,3.17053,-2.41865
1615136816.965632915,52.8121,-4.32999,-0.209719,-1.40178,2.87178,-2.59468
1615136816.966576099,52.4816,-4.8093,-0.114202,-0.835409,3.18406,-2.20249
1615136817.8138895,54.0304,-6.14586,-1.05601,0.205377,3.24738,-0.24981
1615136817.9490013,53.859,-5.91956,-1.17964,-0.0130806,3.07831,-0.337699
1615136817.10413885,53.9538,-4.9306,-0.50339,-0.842926,3.52174,-0.556303
1615136817.52170038,55.752,-5.35749,-2.12822,-0.365515,3.25113,0.099344
1615136817.53333997,55.4787,-5.76813,-2.05244,0.288647,3.38805,0.622405
1615136817.54665088,54.9337,-5.82348,-2.60578,0.768874,3,0.753246
1615136817.60184955,56.2295,-5.7333,-4.07506,0.376364,2.52345,0.753437
1615136817.61495065,56.2713,-6.45013,-3.28065,0.507552,3.00748,1.14706
1615136817.105792999,58.764,-5.57016,-4.9706,-1.19571,3.03043,1.76336
1615136817.107137918,58.848,-5.34512,-4.52463,-0.236131,3.38515,1.28366
1615136817.108474016,58.5015,-5.85955,-4.24331,-0.411513,3.47834,1.80687
1615136817.147923946,60.4273,-6.60364,-5.42953,-0.281333,3.41864,2.38449
1615136817.148516893,59.9081,-6.04004,-5.67598,0.111823,3.0734,1.81942
1615136817.149066925,59.7651,-6.05188,-5.47962,-0.280999,3.12092,2.03908
1615136817.191965103,61.5263,-6.24438,-7.52992,-1.16198,2.57619,2.48024
1615136817.192650079,61.3503,-6.42825,-6.99112,-0.594832,2.97247,2.22087
1615136817.193213939,61.0083,-5.9047,-6.50108,-0.76961,3.45768,1.74297
1615136817.236000061,62.8018,-6.91027,-8.43268,0.668454,2.61129,1.74655
1615136817.236725091,62.943,-6.66788,-7.88523,-0.772068,2.87711,2.00923
1615136817.237258911,62.9032,-6.89007,-7.10892,-0.3359,3.36227,1.70532
1615136817.280026912,66.838,-7.393,-10.2476,-0.163993,3.53124,1.09661
1615136817.280987024,66.3648,-6.50156,-10.278,-0.0769551,3.45058,0.26735
1615136817.281892061,65.781,-6.22171,-10.8139,-0.251718,3.06345,0.0932499
1615136817.327935934,67.3367,-6.62507,-13.1623,0.354074,2.92299,0.224121
1615136817.328629016,67.376,-6.26198,-13.0146,-0.169818,3.01601,-0.212646
1615136817.329303979,67.001,-5.48092,-12.8801,-0.344648,2.93453,-0.736418
1615136817.371963024,68.7492,-6.3943,-14.3559,0.308302,2.94283,-0.348877
1615136817.373258113,68.8202,-6.4723,-13.9155,0.657553,3.21084,-0.480402
1615136817.373697996,68.756,-6.84412,-13.5792,0.701659,3.21664,-0.349051
1615136817.415944099,69.3765,-6.22553,-15.0729,0.00215806,2.95622,-0.793307
1615136817.416716098,69.2424,-6.63383,-14.455,0.220535,3.35542,-0.749021
1615136817.417330026,69.1812,-5.71625,-14.507,-0.565071,3.1001,-1.49065
1615136817.464270114,73.5776,-5.81335,-17.521,-0.393525,2.7453,-1.80675
1615136817.466063976,73.1723,-5.48945,-17.7896,-0.393893,2.35753,-2.11328
1615136817.467565059,73.4289,-6.39607,-16.9545,0.347988,3.19295,-1.37135
1615136817.468957901,73.1733,-6.21965,-16.7544,-0.263009,3.19951,-1.37117
1615136817.470479011,71.9768,-6.66909,-15.5571,-0.53041,2.89133,-1.16331
1615136817.471716880,71.2855,-5.94128,-15.566,-0.923858,2.37272,-1.86268
1615136817.472923994,70.9234,-6.51897,-15.3701,-0.618897,2.46427,-1.29524
1615136817.508533954,74.8311,-7.19379,-17.9021,-0.925,2.77473,-0.814721
1615136817.510071039,74.6913,-6.58307,-17.5397,-0.619877,2.7801,-1.2508
1615136817.556288957,74.1219,-6.34929,-18.1906,-1.73503,2.0994,-0.694981
1615136817.557862043,74.2164,-6.51797,-17.5712,-1.08154,2.67179,-0.826297
1615136817.559762001,75.7918,-6.20907,-19.0516,-1.08225,2.50163,-1.08793
1615136817.600744009,78.3276,-7.72527,-20.8175,-1.3518,2.40376,0.391539
1615136817.603040933,77.8628,-7.78372,-21.2637,-0.959577,1.74996,0.392663
1615136817.607069015,77.4703,-7.23104,-21.0917,-1.70233,2.05755,0.0446806
1615136817.640345096,81.1592,-6.65291,-23.9952,-2.00909,2.10401,-0.347239
1615136817.641812086,80.9724,-7.01917,-23.6568,-1.83668,2.10778,0.133278
1615136817.684115886,83.8181,-7.06291,-25.933,-0.357531,2.47357,-0.0886941
1615136817.685334920,83.7364,-7.31196,-25.4311,-0.837967,2.6518,0.0869458
1615136817.686429023,83.3527,-7.96238,-24.9038,-0.751163,2.78634,0.699434
1615136817.729090929,84.434,-7.32346,-27.8462,-0.0105797,2.80029,0.0906834
1615136817.730551958,84.1007,-7.03481,-27.6561,-1.32073,2.9359,0.658675
1615136817.731534004,83.8289,-7.79797,-27.5417,-0.448592,2.89654,0.877348
1615136817.772133111,85.1697,-7.0321,-29.899,-0.407092,2.62444,0.266554
1615136817.773442029,84.8426,-7.22267,-30.101,-0.0583238,2.19033,0.527767
1615136817.774399995,84.8393,-7.7513,-29.7098,-0.23332,2.32352,0.87631
1615136817.816150903,86.9636,-7.54857,-31.5961,-0.758125,2.68732,0.0504947
1615136817.817723035,86.125,-7.60671,-32.0092,-0.628125,2.16646,0.180174
1615136817.819117069,87.1004,-7.8595,-33.8749,-0.759801,1.86251,0.179389
1615136817.824119091,86.3747,-7.76046,-32.9118,-0.801599,2.415,0.311344
1615136817.825265884,86.3489,-7.97758,-32.6189,-0.452559,2.37379,0.138035
1615136817.868222951,87.7292,-7.86791,-34.1953,-1.37184,1.99208,-0.298999
1615136817.869812965,87.3182,-8.89471,-34.1329,-0.150039,1.94961,-0.123785
1615136817.870963096,86.6128,-8.06035,-34.6529,-0.324117,1.42554,-0.820943
1615136817.916095972,88.1216,-7.98254,-36.0717,0.199571,1.1201,-1.69434
1615136817.917341947,87.8879,-8.54157,-36.0057,-0.149636,1.03167,-0.953554
1615136817.918610095,87.5165,-8.66554,-35.4873,-0.280897,1.24969,-0.824207
1615136817.964162111,89.9904,-8.6571,-37.9392,0.421096,0.935336,-1.74273
1615136817.965437889,89.3907,-8.18252,-37.7467,-0.0588625,0.584551,-2.00676
1615136817.966344118,88.9084,-8.93146,-37.9874,0.508871,0.407127,-1.70294
1615136817.967406034,88.96,-9.16672,-37.6674,-0.145491,0.622912,-1.3983
1615136817.969002962,86.6069,-8.97295,-36.1911,-0.316223,0.678763,-1.92647
1615136817.970015048,86.7271,-9.45196,-35.7168,0.339036,0.851457,-1.66446
1615136817.970958948,86.8294,-8.80493,-35.5151,-0.315118,0.980855,-1.40198
1615136818.8380889,88.1939,-9.69387,-38.1766,0.77701,0.71576,-0.833399
1615136818.9855031,87.7611,-9.19703,-38.5119,0.0795168,0.23157,-0.920643
1615136818.52395105,87.5068,-8.27721,-39.5481,0.742773,0.116337,-1.40178
1615136818.53925037,87.3162,-8.73637,-39.1039,0.656424,0.724906,-1.27115
1615136818.55389881,87.1692,-8.5524,-38.7442,0.526056,0.766254,-0.660956
1615136818.96378087,86.3465,-8.45833,-39.3056,-0.125502,0.955223,-0.090266
1615136818.98458051,86.346,-8.44064,-38.5778,0.660916,1.17212,-0.526107
1615136818.102350950,86.1126,-8.82238,-40.3365,1.05465,0.82061,-0.264606
1615136818.110259056,85.4471,-9.01432,-40.4068,0.575147,0.906053,-0.0473613
1615136818.112517118,85.5098,-9.3294,-39.6636,-0.559912,1.38598,0.344534
1615136818.113989114,85.5471,-9.38727,-39.0117,-0.953262,1.51723,0.213636
1615136818.115142107,85.4317,-9.18115,-39.2202,-1.39033,1.21107,0.0399104
1615136818.116436004,85.0307,-8.34454,-38.5656,-1.04173,1.73275,0.0437992
1615136818.117496013,84.6799,-8.60621,-38.177,-1.17357,1.34006,0.174482
1615136818.118993997,84.9664,-8.99164,-38.7162,-0.213809,1.25274,-0.350072
1615136818.148211002,85.1707,-9.10235,-39.8318,-0.607069,1.16521,-0.307469
1615136818.149096012,85.2007,-9.08883,-39.5078,-1.04426,1.51493,-0.0459435
1615136818.192250013,85.9927,-9.44871,-40.1261,-0.566538,2.21575,-0.260365
1615136818.194072008,85.7712,-8.20826,-40.3675,-1.74618,1.86971,-0.916524
1615136818.195429086,85.5811,-8.65653,-40.4487,-1.92264,1.39085,-0.263145
1615136818.240020036,84.4888,-9.13912,-40.7378,-1.84493,0.68856,-0.523062
1615136818.244103908,84.8131,-8.95172,-40.1335,-2.41432,1.30054,-0.480522
1615136818.246625900,86.0927,-9.8136,-40.2276,-1.6743,2.04554,-0.307054
1615136818.280004024,86.0603,-8.7323,-40.9473,-1.90385,1.22989,-1.40059
1615136818.280952930,86.4329,-8.99114,-40.0924,-1.99323,1.71287,-1.18436
1615136818.281877040,86.4924,-8.23998,-40.2394,-3.08685,1.40995,-1.44799
1615136818.324099063,85.2718,-9.65095,-40.6586,-1.61681,0.56451,0.211244
1615136818.325546979,84.8811,-8.55828,-40.2654,-1.87956,0.518736,-0.617541
1615136818.327208042,85.1013,-9.17748,-39.6079,-2.05536,0.909816,0.169282
1615136818.368350982,85.6975,-8.48469,-40.1218,-1.76069,0.801651,0.871768
1615136818.370006084,85.1251,-8.38099,-40.0029,-1.58691,0.274399,0.479786
1615136818.371225118,84.5389,-8.45208,-39.9881,-1.19476,0.00824464,0.261683
1615136818.411885023,85.7825,-7.96808,-39.8571,-1.45811,0.766925,1.05233
1615136818.412494897,85.3013,-7.53816,-40.0979,-1.50265,0.195868,0.965263
1615136818.412971019,85.3051,-7.73103,-39.2058,-1.11016,0.541766,0.617543
1615136818.455920934,84,-8.03279,-39.4672,-0.4965,0.366582,0.272967
1615136818.456466913,84.2353,-7.4476,-39.1773,-0.364864,0.27517,0.0129569
1615136818.456866979,83.9006,-6.69456,-38.7016,-1.4997,0.184188,0.0143366
1615136818.499974966,84.839,-6.58778,-40.257,-0.628605,-0.0976755,-0.418115
1615136818.500853061,85.0055,-6.43696,-39.5969,-0.759685,0.379521,-0.243344
1615136818.501547098,85.2056,-6.18096,-38.9179,-0.67282,0.727293,-0.331259
1615136818.548002958,85.5466,-5.88791,-39.6043,-0.236069,-0.0841039,-0.765646
1615136818.548949956,85.6998,-5.1859,-39.2689,-0.454202,-0.0433574,-1.55232
1615136818.549549102,85.8033,-5.84198,-39.2095,-0.366697,-0.441005,-1.02881
1615136818.592035055,85.0888,-6.14983,-38.5461,-0.228216,-0.224593,-1.72948
1615136818.592659950,85.11,-6.49055,-38.2436,-0.751657,-0.0975669,-1.07402
1615136818.593313932,84.9312,-6.41001,-38.4169,-0.620327,-0.582506,-1.33519
1615136818.639858007,85.8949,-6.75685,-38.6165,-1.41026,-0.265274,-1.38514
1615136818.640377998,85.6174,-6.61392,-38.5827,-1.23661,-0.530221,-1.6924
1615136818.640822887,85.2398,-5.64333,-38.5767,-1.58697,-0.751366,-2.34966
1615136818.683931112,85.2993,-6.52642,-39.183,-1.71953,-0.731116,-1.74187
1615136818.684943914,85.2588,-6.93458,-38.8038,-0.367099,-0.253584,-2.04898
1615136818.685718059,85.0059,-6.2538,-39.1526,-1.37176,-0.911749,-2.05138
1615136818.687968015,85.317,-6.55092,-38.9289,-1.32904,-0.959228,-2.22782
1615136818.688762903,85.4569,-6.57897,-38.3281,-2.33427,-0.744251,-2.05449
1615136818.732395887,86.0395,-6.54022,-39.1171,-2.03359,-1.0215,-1.70708
1615136818.734275102,85.867,-6.57715,-38.645,-1.11826,-0.631503,-2.05843
1615136818.735481023,85.3921,-7.62469,-38.3843,-1.20006,-0.290025,-2.10461
1615136818.776406049,85.5754,-7.64931,-39.1652,-1.68618,-0.974165,-1.36576
1615136818.777944087,85.2706,-7.69395,-38.8801,-1.77483,-1.06543,-1.45484
1615136818.779584884,85.9118,-7.26934,-39.1684,-1.90754,-0.633065,-1.54354
1615136818.820226907,86.1144,-6.86474,-40.2195,-1.16821,-0.571064,-1.19569
1615136818.822201967,86.5364,-7.95759,-39.339,-0.64469,-0.137806,-0.584463
1615136818.823529005,86.1736,-7.35545,-39.4765,-1.03729,-0.753498,-0.627152
1615136818.863960027,85.7562,-6.61558,-39.9832,-1.21329,-0.564462,-0.844157
1615136818.864568948,85.7659,-6.84584,-39.9043,-1.30086,-0.349855,-0.406736
1615136818.865140914,85.2981,-7.90471,-39.7943,-1.68645,-0.662708,0.0302059
1615136818.908076047,85.1776,-7.52634,-39.9476,-0.944448,-0.60678,0.25331
1615136818.909329891,85.0216,-8.30277,-39.7053,-0.550907,-0.699756,0.779512
1615136818.910367012,84.9977,-7.38581,-39.3429,-1.4237,-0.704541,0.475402
1615136818.952666044,84.7325,-8.32072,-40.1613,-1.03443,-1.04393,1.48614
1615136818.954906940,84.554,-6.99522,-39.6037,-0.859154,-1.00617,0.702845
1615136818.956753015,84.7118,-7.82013,-39.1754,-0.116529,-0.968605,1.14067
1615136818.996094942,85.1517,-6.99934,-39.589,-0.724721,-1.3601,1.15101
1615136818.996937990,85.0291,-6.97854,-39.0408,-1.24821,-1.27884,1.15252
1615136818.997950077,84.7093,-7.50698,-38.9338,-1.15538,-1.15683,0.759765
1615136819.39895057,86.4181,-7.39802,-39.8321,-0.978947,-1.28657,1.25057
1615136819.40757894,85.7526,-8.16873,-40.09,-1.41547,-1.6861,1.90641
1615136819.41503906,85.4439,-7.52778,-39.9313,-1.28463,-1.82339,1.03421
1615136819.87224006,86.2215,-7.12299,-39.9311,-0.629257,-2.08341,0.344069
1615136819.90717077,86.4903,-7.05015,-39.2982,-1.58993,-1.69609,0.605619
1615136819.93802928,86.3738,-6.97938,-39.1257,-1.32846,-1.87625,0.125592
1615136819.132050991,85.6215,-6.32914,-37.0689,-1.37038,-1.87153,-1.8327
1615136819.132961034,85.8174,-6.91711,-36.4123,-1.02199,-1.2202,-1.2226
1615136819.133662939,85.6409,-7.08691,-36.8857,-0.36729,-1.44234,-1.39756
1615136819.175925970,85.7536,-7.46797,-36.9839,-1.02224,-1.55726,-0.873949
1615136819.176723003,85.5926,-6.75201,-36.5317,-1.37235,-1.21084,-1.31182
1615136819.177438974,85.5961,-6.72722,-36.8311,-1.06754,-1.43227,-1.53101
1615136819.220663070,87.6089,-6.82272,-39.0002,-1.28638,-1.39214,-1.05133
1615136819.222845077,87.3415,-6.05677,-38.8756,-0.238529,-1.48319,-2.1858
1615136819.268008947,85.8334,-6.47044,-37.8767,-0.718754,-1.87816,-1.40306
1615136819.269114971,86.3472,-7.31149,-36.9151,-0.326483,-0.78961,-0.749806
1615136819.269961118,86.5693,-7.66445,-36.5955,-0.15198,-0.529968,-0.270454
1615136819.315911054,87.9699,-7.43602,-37.9411,-0.457275,-0.357353,-0.226542
1615136819.320164918,87.8977,-6.41283,-39.2251,-0.980646,-1.18966,-1.09857
1615136819.368294954,88.1643,-6.99819,-39.5546,-0.804368,-1.07984,-0.616172
1615136819.369776964,88.1367,-7.47852,-39.2981,-0.673834,-0.951477,-0.529579
1615136819.371011018,88.3778,-7.0017,-39.0416,-0.499381,-0.473189,-0.835361
1615136819.416510105,88.3133,-7.56374,-39.9322,-0.452417,-1.62755,-1.0541
1615136819.417978048,88.6044,-6.74689,-39.4505,-0.845532,-1.28114,-1.70966
1615136819.419791936,89.0436,-7.21029,-40.2763,0.0712911,-1.37178,-1.57879
1615136819.464092969,89.6629,-5.98644,-39.593,-0.713112,-1.39628,-2.58665
1615136819.465528011,89.578,-7.49049,-39.7625,0.509717,-1.70608,-1.45129
1615136819.466692924,89.7226,-6.93616,-39.5939,-0.100318,-1.53545,-1.23235
1615136819.508239984,89.0691,-7.1215,-39.2258,-1.31578,-2.27668,-1.76063
1615136819.510216951,89.1111,-6.70511,-39.1398,-1.14145,-2.32481,-2.1096
1615136819.511404991,89.172,-7.99811,-38.6826,-0.0501695,-2.11131,-1.10561
1615136819.552160978,89.0175,-7.41427,-37.86,-0.573213,-2.1591,-0.974686
1615136819.553738117,88.8885,-6.40018,-37.3983,-1.66554,-2.16312,-0.889054
1615136819.554775953,88.5988,-6.76065,-37.4129,-1.62328,-2.25438,-0.715814
1615136819.596482992,88.4171,-6.67313,-37.8137,-1.1855,-2.89825,-0.405228
1615136819.599044084,88.4672,-6.78318,-38.3495,-0.880112,-2.81654,-0.274017
1615136819.600822925,88.4563,-7.18438,-38.0758,-0.836908,-2.4285,-0.143704
1615136819.604744911,88.4892,-7.86122,-37.5397,-0.881109,-2.17116,0.466646
1615136819.607166051,88.0416,-7.00918,-37.4592,-1.66754,-2.56872,0.247802
1615136819.651961088,87.1672,-8.6974,-35.7124,-1.62352,-1.49791,0.171504
1615136819.652686119,87.1855,-8.2873,-34.6927,-1.88582,-1.1074,0.0421282
1615136819.653278112,86.94,-8.14723,-34.6934,-1.53716,-1.54658,-0.349613
1615136819.696017980,87.277,-7.8482,-34.6998,-1.93598,-1.52588,-0.701428
1615136819.696896076,87.2655,-8.54662,-33.9702,-1.23798,-1.17906,-0.48179
1615136819.697737932,87.5722,-8.57418,-34.6656,-1.98037,-1.39971,-0.305828
1615136819.736198902,87.7765,-8.14109,-35.724,-1.02035,-1.8393,-0.915649
1615136819.737363100,87.813,-8.38702,-35.5813,-0.846063,-1.44923,-0.653554
1615136819.784090995,87.8204,-8.08094,-34.8474,-0.721968,-1.22278,-0.396467
1615136819.785151004,87.515,-9.12837,-34.8141,0.675994,-1.31287,0.34746
1615136819.785967111,87.0544,-8.82097,-35.4545,-0.064358,-2.01492,0.436838
1615136819.828221082,87.765,-6.88837,-34.213,-0.412012,-1.15952,-0.566324
1615136819.829235076,87.5847,-7.67323,-34.4166,0.505575,-1.29293,-0.390529
1615136819.830216884,87.9443,-7.25303,-34.0435,0.0703971,-0.814687,0.00387833
1615136819.872366905,88.6937,-7.4224,-36.1219,0.0281353,-1.64688,0.311491
1615136819.873481988,88.4383,-7.10418,-35.6689,-0.45117,-1.56239,-0.123685
1615136819.916177988,89.3583,-8.77822,-35.8419,-0.00804942,-0.964864,0.313598
1615136819.917574882,88.975,-8.54525,-35.92,-0.531093,-0.87926,0.0967167
1615136819.918961048,88.4333,-7.84485,-36.3776,-0.355802,-1.40524,-0.687491
1615136819.959887981,89.7021,-8.92749,-37.0773,0.299891,-1.86326,0.0155934
1615136819.960556030,89.7711,-9.17494,-36.3921,-0.790516,-1.51679,0.409873
1615136819.961065053,89.5488,-9.10783,-36.186,-1.18314,-1.78156,0.280441
1615136820.3917932,90.5238,-8.01181,-35.923,-1.49195,-1.31749,-0.855477
1615136820.4470109,90.3125,-9.20338,-35.9395,-0.575983,-1.58196,-0.244549
1615136820.4874944,90.0992,-9.23024,-35.9186,-0.706891,-1.49723,0.236176
1615136820.11949062,89.9741,-9.23552,-35.3964,-0.924838,-1.32487,0.324915
1615136820.12494087,89.9965,-9.04321,-34.7948,-1.53603,-1.37066,-0.197545
1615136820.59818029,91.3744,-8.79721,-36.5771,-1.97554,-1.42147,-1.02876
1615136820.60488939,91.3204,-8.10979,-36.2669,-1.5846,-1.55477,-1.68502
1615136820.61043024,91.1191,-8.99079,-36.0695,-1.67381,-1.42621,-0.944678
1615136820.104012966,91.2253,-8.91113,-35.9115,-1.15776,-1.65891,-1.03133
1615136820.104842901,91.0494,-8.73071,-35.267,-1.42107,-1.35571,-0.98898
1615136820.105581998,90.8225,-9.24796,-35.0687,-1.07328,-1.27068,-0.422811
1615136820.148087978,91.4713,-9.06989,-33.813,-0.380576,-1.15448,0.0132595
1615136820.149326086,91.1217,-8.2481,-34.4052,-1.21063,-1.63726,-0.336697
1615136820.150707960,90.9038,-8.64518,-33.626,-0.905818,-1.11553,-0.336934
1615136820.192176103,90.651,-9.83495,-34.1911,-1.34015,-1.2159,0.278
1615136820.193367958,90.775,-9.75331,-33.4635,-0.729784,-0.912139,0.321451
1615136820.194513082,90.5741,-10.3198,-34.1681,-0.162476,-1.17607,0.757844
1615136820.196307897,90.4026,-9.96105,-33.3438,-0.118446,-0.915878,0.583617
1615136820.197669029,90.1176,-10.5643,-33.3457,-0.947633,-1.44194,1.45729
1615136820.240128040,91.7086,-8.90399,-34.0879,-2.12421,-1.18969,0.198558
1615136820.241436004,91.6415,-8.69168,-33.8067,-0.990523,-1.32282,-0.456409
1615136820.242403984,91.7543,-9.3523,-33.5274,-0.817012,-1.15037,0.109814
1615136820.288202047,92.4477,-10.0893,-33.1265,0.0156812,-0.857197,0.77125
1615136820.289408922,92.419,-8.8886,-32.746,-0.900838,-1.03332,-0.145052
1615136820.290596961,91.8584,-8.86934,-33.6243,-0.552231,-1.8655,-0.407489
1615136820.336302042,91.608,-8.592,-32.8183,-0.632507,-1.05364,-0.712579
1615136820.337871074,91.3109,-8.75129,-32.9735,0.153127,-1.62343,-0.931156
1615136820.339378118,92.1492,-10.0177,-33.2182,0.502628,-1.18899,-0.0587123
1615136820.384177923,91.0733,-8.32586,-32.935,0.286494,-1.64254,-0.451136
1615136820.385534048,91.0628,-8.94136,-32.7679,0.941715,-1.42662,-0.0589808
1615136820.386492013,90.9441,-8.84168,-32.2687,0.59347,-1.25402,0.0718507
1615136820.428159952,91.2399,-8.12286,-31.8605,0.336178,-0.823932,-0.359412
1615136820.429321050,90.734,-7.68826,-32.3853,-0.580987,-1.26249,-0.273646
1615136820.430618047,90.8977,-8.30773,-31.7759,0.160736,-0.740189,-0.0562659
1615136820.432131052,90.7094,-8.76246,-31.902,-0.188329,-0.916165,0.161672
1615136820.433264970,90.3741,-8.45679,-31.6716,-0.624693,-1.13596,-0.0125115
1615136820.480241060,90.9958,-8.84769,-33.196,-0.0533095,-1.53644,-0.0920903
1615136820.481476068,90.9015,-8.8137,-32.5036,-0.664744,-1.10191,0.0818651
1615136820.482498884,90.5041,-8.78986,-32.7256,-0.447108,-1.2786,0.0810419
1615136820.524204015,90.4997,-8.89811,-31.8819,-0.35939,-1.51079,-0.35201
1615136820.525667905,90.8351,-8.87548,-31.4555,-0.359698,-1.25101,-0.352553
1615136820.526592016,90.5141,-9.28581,-31.5172,-0.753298,-1.42792,-0.0481307
1615136820.572650909,91.1383,-9.00292,-31.2722,-1.20124,-0.868692,-0.616726
1615136820.575279951,91.0359,-8.67368,-31.4736,-1.33341,-1.04498,-0.442855
1615136820.578682899,91.0809,-9.10077,-30.7909,-0.810782,-0.872011,-0.400175
1615136820.616113901,91.4421,-9.66167,-29.8469,-1.82112,-0.0970936,-0.316368
1615136820.617160081,90.8487,-9.43003,-30.5933,-2.08409,-0.971035,-0.0535256
1615136820.618305921,90.9355,-9.18625,-31.6355,-1.56108,-1.32186,0.122354
1615136820.620069980,90.9573,-10.2357,-31.002,-1.29954,-0.624283,1.08413
1615136820.621072053,90.6422,-9.45595,-30.7368,-2.04252,-0.7126,0.910165
1615136820.663949012,90.9562,-9.68376,-31.5544,-2.00756,-0.893345,0.687857
1615136820.664850950,90.977,-9.1573,-31.3204,-1.92154,-0.545095,0.295485
1615136820.665656089,90.9207,-9.49731,-31.4011,-1.04895,-0.370719,0.384205
1615136820.708630084,91.3313,-9.67034,-31.6742,-0.657487,-0.76451,1.13029
1615136820.710764884,91.0247,-9.51946,-31.3304,-1.44403,-0.89701,0.73712
1615136820.712147951,90.914,-9.65396,-30.7826,-1.05176,-0.81089,0.650441
1615136820.752520084,91.1866,-9.18237,-30.6339,-1.31821,-0.819393,0.261596
1615136820.754574060,91.1128,-9.17307,-30.4059,-1.88722,-1.12688,0.435591
1615136820.756304025,91.1619,-9.52274,-30.3659,-1.32093,-1.17242,0.392159
1615136820.796350955,92.0718,-9.30664,-31.0653,0.601661,-1.04076,-0.786554
1615136820.798187971,92.0788,-8.86058,-30.363,-0.44573,-0.692593,-0.743329
1615136820.799628973,92.6735,-8.68574,-30.5019,-0.358276,-0.64959,-1.04855
1615136820.840246915,92.3374,-8.20574,-31.099,0.737359,-0.917116,-1.13635
1615136820.841695070,91.9083,-7.72951,-31.4966,0.301425,-1.26795,-1.22419
1615136820.842972993,91.9158,-8.47515,-30.5455,0.258556,-0.701271,-0.700043
1615136820.888145923,91.2486,-8.17187,-30.482,0.52528,-0.879029,-0.612703
1615136820.889559984,91.3901,-7.71209,-30.4492,0.264125,-0.880015,-0.787221
1615136820.890603065,90.7856,-7.08328,-30.7485,-0.128082,-1.44902,-1.04856
1615136820.932446956,89.6662,-8.78099,-30.2928,0.667026,-0.620872,-0.658983
1615136820.936359882,89.3835,-8.37306,-30.6394,0.886603,-1.18939,-1.13858
1615136820.938477039,89.7161,-7.76165,-29.8213,0.407682,-0.884612,-1.39983
1615136820.978676080,88.0932,-9.05567,-29.9214,-1.16557,-0.498342,-0.793493
1615136820.980456113,87.5007,-8.60425,-30.2906,-1.73469,-0.980232,-1.23132
1615136820.981586933,87.3668,-8.41743,-29.9776,-0.819327,-0.850764,-1.53769
1615136821.19948005,85.4653,-9.58412,-29.7554,0.270267,-0.591904,-1.23034
1615136821.20979881,84.9746,-8.93329,-29.1388,-0.778406,-0.681114,-1.71223
1615136821.21816968,84.7672,-9.33558,-29.5835,-1.4333,-1.1178,-1.05802
1615136821.24125099,84.6417,-9.11016,-29.4424,-1.91547,-1.29485,-1.45258
1615136821.25093078,84.9022,-9.58176,-28.2383,-1.43749,-0.335917,-1.19256
1615136821.68094015,82.8568,-9.39929,-27.9897,-1.3569,-0.122368,-1.06559
1615136821.69297075,83.3025,-8.38583,-28.5968,-1.71154,-0.290864,-1.28366
1615136821.70187091,83.005,-8.96375,-28.6702,-1.53768,-0.640396,-0.802519
1615136821.112222909,79.7626,-10.0702,-27.5128,-1.41714,-1.04045,0.109535
1615136821.113379001,79.5655,-9.42392,-27.2532,-2.33567,-0.955094,-0.109513
1615136821.114356994,79.7207,-9.41568,-26.499,-2.29378,-0.300973,0.371016
1615136821.156142950,76.9025,-8.99657,-26.046,-2.74027,-0.742211,0.0267292
1615136821.157439947,76.8502,-10.2646,-26.0709,-2.00069,-0.87498,0.811523
1615136821.158862113,75.5842,-9.80001,-26.411,-1.56588,-0.833042,0.199851
1615136821.200378894,73.3857,-8.61031,-25.0514,-2.75262,-0.968715,0.162462
1615136821.201904058,73.3124,-9.95124,-25.0148,-2.14662,-0.7064,0.817401
1615136821.203862905,73.1035,-9.84665,-24.8219,-2.32329,-0.445611,0.729813
1615136821.244174957,71.1163,-7.74204,-24.3222,-0.935355,-0.318892,-0.535618
1615136821.245554924,71.0521,-7.49544,-23.8361,-1.45959,-0.581124,-0.316554
1615136821.246630907,71.1115,-8.30695,-23.4739,-1.06735,-0.450539,0.033235
1615136821.288003921,68.5773,-8.21473,-22.863,-0.636032,0.113953,-0.3201
1615136821.289194107,68.8627,-6.72406,-22.5992,-1.90251,0.33316,-1.01795
1615136821.290081024,68.6164,-7.53122,-23.1756,-1.42326,-0.233918,-0.537066
1615136821.332597970,65.8629,-7.23543,-22.9842,1.06987,-0.976165,-1.71865
1615136821.334072113,65.5803,-6.97824,-23.0263,0.460224,-0.933179,-1.6309
1615136821.335213899,66.0735,-6.9201,-21.8555,0.461652,-0.0157588,-1.63002
1615136821.375933885,63.2448,-6.15749,-21.964,0.644616,-0.893493,-1.76468
1615136821.376735925,63.3243,-7.03026,-21.5443,1.60704,-0.7189,-1.19628
1615136821.377600908,62.4345,-6.6124,-21.3441,1.43478,-0.325567,-1.58841
1615136821.419903039,59.4579,-6.44785,-20.7996,0.960756,-0.901,-1.6841
1615136821.420455932,59.693,-6.46556,-20.096,1.74816,-0.639449,-1.85898
1615136821.421060085,59.3509,-6.70824,-20.6158,1.92523,-1.20748,-1.5965
1615136821.423890113,59.5407,-7.2789,-19.8671,1.36051,-0.377558,-0.896797
1615136821.424501895,59.5832,-7.29503,-20.3585,0.624064,-1.20246,-0.939544
1615136821.468055009,57.0237,-6.73842,-19.3248,0.673016,-0.993407,-0.681294
1615136821.468724966,57.2172,-6.84111,-19.1516,0.586043,-1.08243,-0.682629
1615136821.469300985,57.1971,-6.65264,-18.4906,0.717394,-0.996733,-1.03309
1615136821.511970043,54.2754,-6.6884,-18.3763,-0.541555,-1.00821,-0.723147
1615136821.512561082,54.1604,-7.26105,-18.6191,-0.279145,-1.27121,-0.285415
1615136821.513181924,54.2127,-7.09931,-17.8073,-0.278583,-1.01026,-0.502645
1615136821.556438922,51.963,-7.78509,-16.6446,0.070148,-1.28725,0.148729
1615136821.559298038,50.6379,-7.23718,-16.684,-0.191943,-1.28947,-0.2451
1615136821.560972929,50.4904,-7.61128,-16.2813,-0.410595,-0.985608,0.190517
1615136821.604784011,48.4106,-6.39296,-16.1039,-0.987764,-1.07882,-0.33757
1615136821.606286048,48.6352,-6.64564,-15.8571,-0.944852,-1.16788,-0.250491
1615136821.607575893,48.6831,-6.63194,-15.518,-0.29029,-0.994574,-0.381284
1615136821.648248910,45.7347,-6.09872,-14.5367,-0.506946,-0.867635,-0.678325
1615136821.649981975,45.8339,-6.45564,-14.3422,-0.637516,-0.562129,-0.54619
1615136821.650651931,45.7277,-6.20934,-14.2286,-1.33602,-0.387413,-0.370581
1615136821.692223072,43.2715,-6.88521,-13.5515,-0.553658,-0.654961,0.247324
1615136821.693789005,43.1914,-6.73437,-13.2501,-0.553827,-0.480811,0.247355
1615136821.695314884,42.7513,-5.60806,-14.1331,-1.16579,-1.00624,-0.451755
1615136821.736315011,40.2077,-6.62664,-13.424,-1.3943,-0.88483,0.240076
1615136821.738039016,39.9181,-5.90911,-13.5961,-0.653307,-0.973962,-0.939362
1615136821.739741086,38.7316,-5.89751,-13.1283,-0.872535,-0.451184,-0.678733
1615136821.780019044,36.5206,-6.69622,-12.8307,-0.265727,0.0264706,-0.376158
1615136821.781014919,36.3838,-6.75832,-13.2595,-1.00765,-0.453402,-0.0261213
1615136821.781996011,36.5624,-6.85018,-13.3595,-0.920348,-0.628121,-0.155861
1615136821.788507938,36.8655,-5.71856,-13.0735,-1.18247,-0.409965,-0.897091
1615136821.790152072,36.5805,-6.17082,-13.2055,-0.615075,-0.672001,-0.765221
1615136821.791069030,36.6411,-6.06514,-12.7601,-0.964358,-0.191564,-0.677334
1615136821.792030096,36.5061,-7.152,-13.0952,-0.920958,-0.540727,0.414642
1615136821.793064117,36.2982,-6.31297,-13.085,-0.224124,-0.806841,-0.587661
1615136821.793945074,36.0618,-5.84526,-13.5662,-0.486493,-1.15786,-0.93783
1615136821.794743061,36.5974,-6.22886,-12.5051,-0.0502166,-0.241617,-0.72038
1615136821.832185029,33.5817,-5.4442,-13.5329,-0.48725,-0.722893,-1.07094
1615136821.833306074,33.7217,-5.37215,-12.9046,-0.706484,-0.418348,-1.07259
1615136821.876041889,31.5755,-5.31666,-13.5973,0.0765458,-0.64191,-1.16762
1615136821.877449989,31.8519,-5.38283,-13.3597,-0.534637,-0.642545,-0.818904
1615136821.879079103,30.3701,-4.81987,-13.82,-0.360146,-1.03657,-1.47382
1615136821.920317888,28.4988,-4.31677,-13.9992,-0.577002,-1.13148,-1.2968
1615136821.922333955,28.6131,-5.18096,-13.973,-0.358573,-1.35105,-0.597765
1615136821.924230098,28.7337,-5.08459,-13.5953,-0.314635,-1.13403,-0.640872
1615136821.964205980,26.0457,-4.88062,-14.5722,0.340004,-1.89417,-0.997257
1615136821.965941905,26.4647,-6.00912,-14.015,0.689361,-1.50387,-0.12567
1615136821.967360019,26.2755,-5.6674,-14.3739,0.558715,-1.98735,-0.432562
1615136822.8038997,24.5859,-4.67223,-13.2699,0.472307,-1.17497,-1.09291
1615136822.9118080,24.8053,-4.25582,-12.9356,-0.138279,-1.13257,-1.18025
1615136822.9968042,24.4337,-5.21719,-13.3504,-0.00689269,-1.78928,-0.394087
1615136822.51958084,22.2945,-4.35677,-12.9239,0.265107,-1.75526,-0.689376
1615136822.52989006,22.7057,-4.47313,-12.4314,0.703161,-1.40696,-0.731485
1615136822.53949117,22.7556,-4.21588,-12.4978,0.879372,-1.67014,-0.948615
1615136822.100008964,18.0421,-4.79624,-12.0785,0.407957,-1.51923,-0.116271
1615136822.101130962,18.0595,-5.30694,-12.0581,0.539532,-1.69595,0.45101
1615136822.102133035,17.9624,-5.10317,-12.2852,1.50118,-1.96018,-0.247192
1615136822.144021987,16.2867,-4.82483,-12.2079,-0.111356,-2.24396,0.270476
1615136822.145061016,17.0185,-4.88369,-11.4364,0.369138,-1.50543,0.18238
1615136822.145992994,16.8793,-4.33865,-11.8067,0.0195871,-1.85665,-0.211911
1615136822.188446998,14.7887,-5.14091,-11.1935,0.498602,-1.96591,-0.0865969
1615136822.190802097,14.4357,-5.33022,-10.8538,0.366567,-1.84506,0.349628
1615136822.193425893,14.3917,-4.72279,-11.2858,0.366949,-2.28505,-0.305526
1615136822.235292911,11.9247,-5.80364,-10.8331,0.41094,-2.83816,0.344855
1615136822.236953020,12.426,-5.45862,-10.1447,-0.2003,-2.40607,0.169373
1615136822.238298892,12.6902,-5.88267,-10.0217,0.760194,-2.54106,0.16885
1615136822.275913000,11.1324,-5.73754,-8.5633,0.368029,-2.61944,0.117478
1615136822.276904106,11.3399,-5.00927,-8.2436,0.105985,-2.40573,-0.451218
1615136822.278407096,10.0086,-5.767,-8.07731,0.542555,-2.41052,0.0277166
1615136822.320347070,8.53534,-5.23854,-5.97304,-0.069681,-2.00098,-0.0686708
1615136822.322491884,8.53681,-5.66587,-5.94846,0.847116,-2.22271,-0.113245
1615136822.324811935,7.49347,-4.87474,-6.13086,0.230788,-2.71815,-0.0714954
1615136822.327003002,7.50354,-5.19355,-5.88631,0.754647,-2.85419,-0.0727253
1615136822.329503059,9.05279,-5.62369,-3.53081,0.18652,-2.05212,0.311214
1615136822.331120014,8.96827,-5.35402,-3.89904,0.273644,-2.49313,-0.0829427
1615136822.332639932,9.05126,-4.99573,-3.8913,0.273395,-2.62914,-0.521005
1615136822.368438005,6.41655,-4.6528,-2.50197,0.273158,-2.45915,-0.216924
1615136822.369910001,6.54752,-4.50763,-2.21983,-0.120156,-2.50774,-0.262167
1615136822.411910057,4.22872,-4.29057,0.369818,0.490855,-2.44408,-0.445027
1615136822.412682056,5.02049,-4.59979,1.40667,0.753057,-1.70501,-0.446367
1615136822.413388013,5.16407,-4.89177,1.50366,0.578806,-1.75126,-0.185674
1615136822.459892034,1.72605,-4.64383,4.09835,0.0149382,-1.94887,-0.882591
1615136822.460591077,1.78838,-4.63632,4.24618,-0.814534,-1.99517,-0.533204
1615136822.461247920,1.49772,-4.89246,3.78197,-0.946144,-2.56649,-0.227485
1615136822.503803968,-1.57573,-5.20294,5.97691,-0.0844353,-2.78653,-0.543766
1615136822.504323005,-1.09999,-5.82827,6.72254,0.133958,-2.13498,-0.369357
1615136822.504791021,-1.25627,-4.85294,6.08329,-0.215224,-2.75063,-1.28631
1615136822.551872014,-2.64847,-6.52361,7.97801,-0.434759,-2.47943,-0.375977
1615136822.552438020,-2.35617,-6.58437,8.00176,0.743596,-2.61529,-1.03209
1615136822.552906990,-2.29266,-7.02648,8.19277,-0.216973,-2.57656,-0.422513
1615136822.595906972,-5.18589,-5.65972,9.98057,-0.399238,-2.6152,-0.992534
1615136822.596628904,-5.27718,-5.54725,9.57543,-1.53599,-3.18998,-0.645567
1615136822.597196102,-4.93119,-5.64744,10.1472,-0.621057,-2.54149,-1.04056
1615136822.599931955,-6.53806,-5.31944,10.3198,-0.753583,-2.67882,-1.08681
1615136822.600537061,-6.50157,-4.87061,10.0665,-0.799037,-3.03555,-1.35156
1615136822.644535064,-8.84074,-6.10219,11.375,0.247262,-3.01798,-0.392541
1615136822.646800041,-8.96432,-6.68853,11.3126,-0.538014,-3.15219,0.437998
1615136822.648933887,-8.72324,-6.68386,12.1123,-0.0138138,-2.58818,0.00267538
1615136822.688246965,-11.551,-5.94546,11.9695,-0.367344,-3.27678,-0.482172
1615136822.690265893,-10.9293,-5.96598,13.192,-0.0175882,-2.1879,-0.480973
1615136822.691848993,-10.8505,-5.91034,13.065,-0.060604,-2.40836,-0.217872
1615136822.732362985,-11.1763,-2.08072,15.5328,-0.426189,-2.20542,-0.967733
1615136822.733711004,-11.0429,-2.58445,15.2556,0.0976355,-2.47065,-0.531276
1615136822.734863042,-10.7572,-2.806,15.4792,0.273015,-2.25464,-0.486787
1615136822.776279926,-12.8388,-2.83882,15.509,0.184237,-2.54719,-0.624952
1615136822.777889013,-12.8426,-2.13841,15.2612,0.0533242,-2.72661,-1.19317
1615136822.779426097,-14.3171,-3.51584,15.4794,0.665186,-2.68586,-0.23219
1615136822.820183038,-16.536,-1.73635,16.6957,1.06218,-2.582,-2.06967
1615136822.821661949,-16.1815,-1.75932,17.2258,0.538822,-2.19287,-1.85304
1615136822.822973966,-15.8096,-2.41789,17.4891,0.757888,-2.02032,-1.37324
1615136822.864259004,-16.3208,-0.576469,18.5447,1.3169,-2.11889,-1.07467
1615136822.865020036,-16.0411,-0.958051,18.5965,1.88605,-1.90235,-1.0754
1615136822.865641117,-16.0237,-0.111081,18.7051,0.970842,-2.16679,-1.42533
1615136822.907932043,-17.7593,-0.584591,19.0455,0.979843,-2.35942,-0.20378
1615136822.908618927,-17.7802,-0.311425,18.566,1.02435,-2.66906,-0.422923
1615136822.909282922,-17.4886,-0.260956,18.588,0.719724,-2.45406,-0.205008
1615136822.952083110,-18.1244,0.515393,19.1403,0.816647,-1.99367,-0.202331
1615136822.952815055,-18.1743,0.55461,18.3272,1.21062,-2.56412,-0.246177
1615136822.953329086,-17.8785,0.522515,18.6519,0.644508,-2.26038,0.147342
1615136822.995913028,-18.5818,0.876393,19.4422,1.12675,-2.61381,1.16031
1615136822.996433019,-18.1921,0.910215,19.9737,1.39077,-2.22142,1.2059
1615136822.996879100,-18.0354,1.01963,19.7849,0.475911,-2.39674,1.51362
1615136823.44073104,-17.579,1.34699,20.6184,0.142767,-1.62866,0.880405
1615136823.45505046,-17.5697,1.28227,20.285,1.23547,-1.84703,0.227037
1615136823.46907901,-17.5273,0.924795,19.846,0.669023,-2.28559,0.663557
1615136823.88465929,-16.6875,1.06967,20.48,0.192868,-1.86106,-0.117809
1615136823.90810060,-16.7467,0.403787,19.98,0.367665,-2.16923,0.318122
1615136823.92804908,-16.7401,0.178902,19.9973,0.498866,-2.17248,0.273505
1615136823.128329992,-16.9094,0.463494,20.5688,0.717591,-2.17585,-0.425896
1615136823.129642963,-16.3439,0.247972,21.3448,0.674813,-1.60934,-0.295094
1615136823.172054052,-15.8826,0.227238,21.0065,0.897492,-1.87507,-0.684688
1615136823.173476934,-16.2415,1.01151,20.3156,-0.150233,-2.40369,-1.21041
1615136823.174482107,-15.7402,0.585278,20.9752,-0.369107,-1.92722,-0.950202
1615136823.219275951,-14.7359,-0.0430633,20.8926,0.940684,-2.16274,-1.25774
1615136823.221262931,-14.3295,0.208121,21.0606,0.0678212,-2.16652,-1.34664
1615136823.222831964,-13.7542,0.88597,21.5555,-0.158151,-2.38658,-0.780197
1615136823.263966083,-11.0061,1.62017,22.1762,-1.16913,-1.94458,-1.44747
1615136823.265044927,-11.0649,1.4151,21.6212,-0.427663,-2.29708,-1.70962
1615136823.266000986,-10.4496,1.0962,22.1637,-0.384065,-1.59971,-1.36033
1615136823.308028936,-8.87479,1.61003,23.1621,0.0441844,-1.97603,-0.933612
1615136823.309314966,-9.05419,1.40861,23.0262,-1.00362,-1.75886,-0.14765
1615136823.310496091,-9.22144,1.0396,22.5618,-0.217742,-2.19661,-0.408115
1615136823.348516941,-6.98479,0.746913,23.8053,0.437981,-1.93453,-0.0570918
1615136823.350064039,-6.5871,1.1537,24.0033,-0.12878,-1.97925,-0.361806
1615136823.392287015,-5.02107,0.440347,23.9378,-0.437184,-2.34557,0.289407
1615136823.393771886,-4.71974,0.10981,24.3998,-0.655431,-1.73528,0.333935
1615136823.395200967,-4.61843,0.0870116,24.718,-0.873579,-1.47258,0.55384
1615136823.436043977,-2.70064,0.333156,24.1117,-0.177835,-1.39552,-0.10241
1615136823.437541961,-3.03463,0.115326,23.7947,0.0847037,-1.74467,-0.188639
1615136823.439213991,-2.12343,0.493398,23.8549,-0.787987,-1.78877,-0.405862
1615136823.480205059,-0.309829,0.374287,23.478,-0.396811,-1.26204,-0.666875
1615136823.481693983,-0.572665,-0.348707,23.538,-0.483729,-1.08543,-0.0980592
1615136823.482896089,-0.671091,-0.481704,23.5591,-0.264854,-0.995653,-0.0963629
1615136823.528259992,0.0335438,-0.971737,21.7395,0.698434,-0.808954,-0.138848
1615136823.530042886,-0.211246,-1.06602,21.7596,0.263261,-0.849564,-0.00652511
1615136823.531694889,-0.283724,-0.488457,21.98,-0.128799,-0.541219,-0.311332
1615136823.572216987,0.62008,-0.924023,20.0409,0.0478504,-0.128632,-0.618143
1615136823.573908090,0.569659,-0.908129,20.224,0.660301,-0.0362271,-0.573185
1615136823.575263023,0.612601,-0.725877,20.2713,0.181236,0.230417,-0.616499
1615136823.616174936,1.88615,-0.886847,18.0591,0.404319,-0.037277,-0.661131
1615136823.617469072,1.87507,-0.840713,17.916,0.492959,-0.0762761,-0.703646
1615136823.618669033,1.69737,-0.899471,17.8111,0.144724,-0.20337,-0.397492
1615136823.660275936,2.43185,-1.15127,15.9357,0.105086,0.0357002,-0.88075
1615136823.661627054,2.49221,-1.20703,16.0629,0.586542,0.302951,-1.09791
1615136823.662617921,2.3361,-1.22352,15.8067,0.15127,0.30842,-0.834991
1615136823.703960895,2.84971,-0.881009,14.7314,0.376959,0.332885,-1.66597
1615136823.705010890,2.66972,-1.5374,14.4399,0.290244,-0.0565969,-0.793374
1615136823.705769062,2.63098,-2.64312,14.3406,0.727958,-0.183211,-0.00661864
1615136823.747947931,3.05697,-2.28086,13.6189,1.08106,-0.454897,-0.616144
1615136823.748963117,3.34923,-1.29641,14.0568,0.427018,0.114444,-1.22879
1615136823.749697923,3.14189,-1.11241,13.7635,0.5585,-0.0581034,-1.44825
1615136823.796190023,2.79626,-2.22882,13.4916,0.917466,-0.735322,-0.834622
1615136823.797317981,2.96294,-1.67686,13.7254,0.131963,-0.517166,-0.923933
1615136823.798984050,2.64699,-3.12095,13.5742,0.786875,-0.866232,0.165798
1615136823.841445922,2.22699,-2.24451,14.0017,0.659007,-1.03288,-0.840285
1615136823.843449115,2.66182,-3.08609,14.8077,0.616797,-0.374259,0.0343767
1615136823.844713926,2.6702,-2.94555,14.6144,0.924082,-0.457743,-0.312818
1615136823.845777988,2.31592,-2.64688,13.9695,0.663693,-1.06684,-0.485979
1615136823.846893072,2.28547,-2.88305,14.6367,0.837406,-0.668289,-0.00612667
1615136823.847914934,2.28387,-2.1313,14.6802,0.270603,-0.755148,-0.530563
1615136823.849050045,2.01073,-2.24395,14.6918,-0.0346805,-0.973059,-0.181721
1615136823.892345905,1.82424,-2.55174,15.6853,0.664424,-0.709565,-0.180979
1615136823.893512964,2.02366,-1.78151,16.315,0.403748,-0.18279,-0.922134
1615136823.940211057,1.47747,-2.51685,17.0884,0.188656,-0.481185,-0.0480366
1615136823.941718101,1.22332,-2.15005,17.0545,0.145074,-0.568341,-0.39858
1615136823.943166971,0.925997,-2.88523,16.8293,0.363441,-0.698948,0.0804081
1615136823.984397888,1.12546,-1.74336,17.0797,-0.119439,-0.45892,-0.0890155
1615136823.985979080,1.15327,-2.2881,17.0501,0.186483,-0.369537,0.260369
1615136823.987051010,1.3299,-2.34335,17.3305,0.230763,-0.10501,0.0860368
1615136824.28146982,0.912335,-2.15153,17.0447,-0.770129,-0.0911807,0.267603
1615136824.29900074,1.00209,-2.2293,17.0973,-0.377038,0.0868509,-0.124161
1615136824.31209945,1.08619,-2.29154,17.176,-0.813689,0.0896642,0.137858
1615136824.32831907,1.04566,-2.22389,17.1323,-0.464794,0.00435925,-0.124397
1615136824.34147977,1.02192,-2.44641,17.262,0.408284,0.358804,-0.126289
1615136824.35264015,0.969982,-1.76121,17.2294,-0.289667,0.318412,-0.388267
1615136824.36464929,0.534556,-1.90502,16.636,-0.158428,-0.377818,-0.562419
1615136824.37832021,0.678364,-2.27803,16.5749,0.453573,-0.243678,-0.561147
1615136824.39418935,0.979551,-2.39438,17.187,-0.15647,0.372358,-0.122987
1615136824.40637969,0.837401,-2.52972,16.7982,-0.373981,0.0713097,0.0971735
1615136824.76679944,0.803955,-2.09386,16.9659,0.0196258,0.118822,-0.556081
1615136824.78382015,0.87048,-1.94962,16.9098,-0.503953,0.209176,-0.512273
1615136824.120130062,0.538244,-3.22261,15.9309,-0.156087,-0.219405,0.269149
1615136824.121624946,0.887381,-2.01332,16.0627,-0.162824,-0.0843184,-0.0371077
1615136824.122627019,0.975855,-1.60237,16.3271,-0.249894,0.267018,-0.386181
1615136824.164149999,1.15918,-2.2461,16.5806,0.58663,0.253132,0.324783
1615136824.165775060,1.0343,-1.76498,16.3227,0.32574,0.0817677,-0.198356
1615136824.167143106,1.28214,-1.47759,16.8424,-0.153986,0.434129,-0.198478
1615136824.208281993,1.16017,-1.47215,16.5698,0.109099,0.359063,-0.639543
1615136824.210222959,1.10617,-1.91045,16.1358,-0.0213745,0.100236,-0.289972
1615136824.213280916,1.24846,-2.48842,15.9914,0.197693,0.14785,0.104175
1615136824.255975961,1.07314,-2.26169,14.8426,0.38706,-0.548591,-0.451714
1615136824.257106065,1.25975,-2.33929,14.9137,0.0824095,-0.371454,-0.144784
1615136824.258778095,1.42505,-2.30731,15.3037,0.694842,0.15648,-0.360906
1615136824.296063899,1.27175,-2.37979,14.851,0.914598,-0.189148,-0.315561
1615136824.296859979,1.30793,-1.51806,14.6273,0.784968,-0.361685,-1.05678
1615136824.339912891,1.67564,-2.04009,15.6113,0.569202,0.122538,-0.799591
1615136824.340532064,1.45877,-3.11295,15.3789,0.787896,0.0370808,0.0723399
1615136824.341106891,0.95763,-1.72824,15.1717,-0.134152,-0.184464,-0.191362
1615136824.387798070,0.149,-1.30553,14.6123,-0.560493,-0.359662,-0.622057
1615136824.388329982,0.336938,-2.03129,14.9905,0.00737372,-0.0949441,-0.0968529
1615136824.388812065,0.324338,-1.62643,14.7987,0.051642,-0.267473,-0.488768
1615136824.431797027,0.537106,-1.02014,15.1249,0.790401,0.0852593,-1.19338
1615136824.432292938,0.451242,-2.00123,14.7877,0.398232,-0.130704,-0.058397
1615136824.432688951,0.54108,-1.67331,14.7632,-0.0812043,-0.128318,-0.144744
1615136824.472248077,0.673267,-1.52204,14.8763,0.443505,-0.125591,-0.579721
1615136824.473191022,0.787155,-1.88873,15.0141,0.313667,0.0963331,-0.14148
1615136824.516153097,0.262882,-1.48775,14.2004,-0.644968,-0.681859,-0.183145
1615136824.517636060,0.603932,-1.28121,14.7502,-0.252586,-0.201807,-0.620826
1615136824.518919944,0.531438,-1.68553,14.2552,0.0962676,-0.464077,-0.491387
1615136824.560298919,0.491056,-2.10288,14.5569,-0.731872,-0.109836,-0.0995777
1615136824.562472105,0.704035,-1.76539,15.037,-0.033248,0.285428,-0.79727
1615136824.564129114,0.577397,-1.87511,14.7658,-0.775548,-0.0187074,-0.40495
1615136824.604998111,0.169241,-1.5752,14.7197,-0.652358,-0.327121,-0.324547
1615136824.607219934,0.465306,-1.82333,15.4823,-0.56501,0.374055,-0.323748
1615136824.608952999,0.267751,-1.12806,15.2198,-0.128111,0.114718,-1.15206
1615136824.648209095,0.369834,-1.29786,15.2313,1.0538,0.526387,-0.972703
1615136824.649647951,0.593803,-1.51311,15.8536,0.967269,0.965953,-0.755615
1615136824.650711059,0.484114,-1.6647,15.6531,0.400203,0.575304,-0.451523
1615136824.692214965,0.500856,-0.723663,15.2399,0.00872997,0.67516,-1.23798
1615136824.693721055,0.150169,-1.51235,14.6136,-0.208996,0.0236208,-0.27638
1615136824.695142030,0.44152,-1.93902,15.0753,0.0100303,0.507926,0.118406
1615136824.736387014,-0.0791959,-1.51978,15.3954,0.755236,0.124723,-0.405785
1615136824.737598896,0.11922,-0.941949,15.9123,0.537577,0.563311,-0.755787
1615136824.739202976,-0.177328,-1.24356,15.4192,0.668995,0.0848054,-0.494625
1615136824.780072927,-0.257869,-0.62539,14.8961,0.674916,-0.0715934,-1.01624
1615136824.782437086,0.176588,-0.778782,15.6642,1.33114,0.718308,-0.752925
1615136824.783869981,0.368575,-0.629058,16.031,1.20189,1.20356,-0.751581
1615136824.824143886,-0.142292,-0.222465,14.5922,0.334625,-0.483932,-1.05712
1615136824.825623989,0.0554589,-0.955047,14.9265,0.902488,0.0409258,-0.664967
1615136824.826651096,0.13225,-0.64613,15.252,0.641177,0.347998,-0.796833
1615136824.868105888,-0.0653086,-0.247664,15.4451,0.902508,0.218165,-1.15209
1615136824.869580984,-0.259647,-0.560594,14.7213,0.685302,-0.260067,-0.889426
1615136824.870656013,-0.354349,-0.131413,14.4351,0.598987,-0.608347,-1.32513
1615136824.916001081,-0.312605,-0.331063,15.2936,0.647307,0.284918,-1.59289
1615136824.917067050,-0.49236,0.0264919,15.1332,0.123808,-0.0198442,-1.7684
1615136824.918015003,-0.595872,0.297603,15.002,-0.0946999,-0.107269,-1.81377
1615136824.960035085,-0.665008,-0.658481,15.1597,-0.269082,0.0748321,-1.0759
1615136824.961604118,-0.628864,-0.567731,15.3672,-0.315615,0.337132,-0.639017
1615136824.962857007,-0.544191,-0.379831,15.5279,-0.446368,0.514479,-0.769148
1615136825.382900,-0.643932,-0.815183,15.1467,0.121235,0.254754,-0.594101
1615136825.1988887,-0.733463,-0.514488,14.9407,-0.0533019,-0.0500255,-0.90034
1615136825.44011116,-0.567252,-0.514218,15.7258,-0.361407,0.300222,-0.90892
1615136825.45351982,-0.696915,-0.179295,15.3305,-0.842186,-0.0487781,-0.997565
1615136825.46526908,-0.961738,-0.413529,14.8043,-0.755544,-0.398088,-0.998304
1615136825.92094898,-0.969366,-0.868834,15.4256,0.117714,0.0477436,-0.162992
1615136825.93408107,-0.860266,-0.390017,16.0024,-0.187513,0.573826,-0.599258
1615136825.94542980,-0.944503,-0.314937,15.771,0.249095,0.313491,-0.948923
1615136825.135848999,-1.49588,-0.445192,15.1079,0.290571,-0.0753199,-0.782282
1615136825.136519908,-1.55482,-1.05995,14.9153,0.116371,-0.24865,-0.214469
1615136825.137140035,-1.41688,-0.585131,15.0269,-0.407291,-0.0730848,-0.476332
1615136825.180624008,-1.18715,-0.854715,15.5228,-0.32014,0.277667,-0.214497
1615136825.182231903,-1.30003,-0.284967,15.364,-0.189332,0.103927,-0.782597
1615136825.228130102,-1.58669,-0.595393,14.8435,-0.148671,-0.421712,-0.659858
1615136825.229346990,-1.17875,0.690384,15.5706,-0.629223,0.276841,-1.66532
1615136825.230510950,-1.17383,-0.225354,15.2945,0.0251981,0.0595713,-1.18596
1615136825.272049903,-1.75456,-0.100366,15.4921,-0.0617678,-0.113823,-1.05521
1615136825.272953033,-1.65577,-0.0335297,15.6057,-0.105694,-0.0700483,-1.01296
1615136825.273575067,-1.82985,-0.49478,15.1193,-0.0187395,-0.375919,-0.6216
1615136825.316435098,-1.71596,-0.42002,15.4284,-0.107439,-0.195606,-0.625333
1615136825.320780992,-1.60886,0.148141,15.7751,-0.151077,0.0670315,-1.19331
1615136825.322881937,-1.38996,0.419368,16.1513,-0.15132,0.504632,-1.45652
1615136825.360044956,-1.7283,0.149842,15.8692,-0.546237,0.11167,-0.678922
1615136825.361063003,-1.6554,0.57883,16.1347,-0.633868,0.331183,-1.07222
1615136825.361927032,-2.00406,0.210511,15.6539,0.107239,-0.323348,-0.984916
1615136825.363997936,-2.06863,0.17912,15.8793,0.238673,-0.234944,-0.940773
1615136825.364711999,-2.12521,0.273899,16.0647,-0.328415,-0.102516,-0.5909
1615136825.411911010,-2.15261,0.969161,16.2467,0.108883,0.0766951,-1.46536
1615136825.412689924,-2.05897,1.30539,16.4749,0.0648651,0.163935,-1.68598
1615136825.413367033,-1.97226,0.221927,16.3936,0.326446,0.164458,-0.72766
1615136825.460001945,-2.14462,0.897483,16.7389,-0.240633,-0.0483961,-0.817595
1615136825.460611104,-2.18174,1.10712,16.9211,0.152613,0.171653,-1.12246
1615136825.461129903,-2.33418,1.78592,16.8953,-0.240108,0.0416488,-1.60304
1615136825.504084110,-2.35668,0.896405,16.9711,0.106573,-0.127547,-0.830474
1615136825.504851102,-1.93105,1.66825,17.6848,-0.0239883,0.529179,-1.48508
1615136825.505450010,-1.79779,0.908706,17.8756,0.194772,0.750753,-0.916707
1615136825.548197031,-2.35109,0.835929,16.905,-0.155307,-0.160105,-0.656413
1615136825.549834012,-2.32112,1.62429,17.1234,-0.461511,0.0139326,-1.26994
1615136825.551511049,-2.22117,1.1234,17.6695,-0.156743,0.450822,-0.92321
1615136825.553170919,-2.34335,1.34809,17.3229,0.0173356,0.145258,-1.23122
1615136825.554450035,-2.20832,1.98087,17.297,-0.331386,0.104787,-1.19236
1615136825.555418014,-2.04354,2.10973,17.8773,-0.069134,0.543821,-1.4534
1615136825.556677103,-2.56573,1.61644,17.0245,-0.156174,-0.327866,-0.972626
